"id","x1","x2","x3","x4","x5","x6","x7","x8","x9","x10","x11","x12","x13","x14","x15","x16","x17","x18","x19","x20","y","Land","log_y","log_x1","log_x2","log_x5","log_x11","log_x17","log_x18"
1,201456.3,12704,0,100,6.30683215,962.5,90493.75,56768.75,50,1062.5,33131.25,0,18987.5,0,0,227.967358,19367,15550,79,"FINLAND",130.97,"FINLAND",4.87496828934131,12.2133277633993,9.44967218348692,1.84163351404055,10.408262407265,9.87137749861789,9.65188022422134
2,47600,1045,79.18,20.82,2.19586345,0,31218.75,12143.75,0,1231.25,1956.25,0,1050,0,0,350.182435,1147,907,91.6000032,"SWEDEN",15.15,"SWEDEN",2.71800053195538,10.7705880402195,6.95177216439891,0.786575340475335,7.57929570578802,7.04577657687951,6.81124437860129
3,3142212.5,51816,57.22,42.78,1.64908617,174131.25,1657675,719143.75,132393.75,132600,84325,40731.25,198200,0,3012.5,507.281134,49283,38939,91.5661102,"SWEDEN",890.08,"SWEDEN",6.79131134632698,14.9604377275922,10.8554542608628,0.500221298124844,11.3424455187389,10.8053547637446,10.5697772789262
4,336500,46058,28.13,71.87,13.690664,7387.5,202606.25,68675,487.5,150,42193.75,0,12675,0,2325,567.565978,24747,19553,91.6000032,"SWEDEN",1346.24708,"SWEDEN",7.20507605948032,12.7263534280669,10.737656750808,2.61671414068076,10.6500510847019,10.1164999566509,9.88093514806562
5,89275,206029,92.07,7.93,230.734349,0,23962.5,36625,0,193.75,25262.5,0,331.25,0,2900,346.444776,14767,11857,79,"FINLAND",576.5275,"FINLAND",6.3570230402193,11.3994767724626,12.2357722145626,5.44126704443041,10.1371159452926,9.60021795674263,9.38075802426731
6,103956.3,4471,2.67,97.33,4.30074894,1162.5,70512.5,17793.75,0,0,10031.25,0,4456.25,0,0,184.857174,5883,4649,91.6000032,"SWEDEN",43.2525,"SWEDEN",3.76705503517554,11.5517258975103,8.40536737623398,1.45878917962634,9.21356018281738,8.67999208172133,8.4446224985814
7,1194537.5,832854,55.89,44.11,69.7218798,23043.75,45687.5,51500,173406.25,4981.25,848975,0,36900,0,10043.75,424.609738,810673,492596,87.6264406,"MISSING",14543.6475,NA,9.58490957932486,13.9932696391439,13.6326136356793,4.2445141824226,13.6517861963427,13.6056212794118,13.107446674516
8,977287.5,1363105,75.82,24.18,139.478403,14812.5,29662.5,24418.75,113437.5,2287.5,725975,0,38300,0,28393.75,160.641604,693624,423994,89.1999981,"MISSING",5383.83,NA,8.59115529578891,13.7925361559044,14.1252757436617,4.9379097720717,13.4952722354093,13.4496867476282,12.9574769416917
9,158193.8,102079,45.69,54.31,64.5278337,1087.5,8781.25,8712.5,1225,1956.25,124343.75,0,10318.75,0,1768.75,176.954596,400891,68099,88.6000013,"MISSING",1662.735,NA,7.41621911592402,11.9715761426501,11.5335023022924,4.16709666095189,11.7308132287987,12.9014473433305,11.1287324921376
10,1616431.3,3479051,88.12,11.88,215.230372,14331.25,39193.75,44450,19500,7500,1293218.75,0,90637.5,0,107600,237.123309,4109321,707976,88.6241735,"MISSING",26365.275,NA,10.1798030824051,14.2957313760178,15.0622701134115,5.37170895215818,14.0726455969098,15.2287686093608,13.4701668862725
11,959356.3,768897,61.77,38.23,80.147182,11018.75,17750,49212.5,31993.75,1531.25,803068.75,0,22762.5,0,22018.75,594.138285,2606279,442723,88.6000013,"MISSING",34209.8925,NA,10.4402701356107,13.7740178177111,13.5527122993349,4.38386471936074,13.596196850925,14.7734344752544,13.000701830036
12,312093.8,30626,23.67,76.33,9.813077,14800,93343.75,75462.5,30675,2056.25,64525,0,30781.25,0,450,466.233339,10952,10612,70.2,"MISSING",2764.885,NA,7.92475432177142,12.6510590626338,10.3296046003752,2.2837158839275,11.0748235223358,9.30136867032375,9.26983494376182
13,825931.3,619662,86.45,13.55,75.0258572,54475,172775,163993.75,77806.25,3818.75,316243.75,0,19725,0,17093.75,308.723403,54868,53162,70.2,"MISSING",3844.0225,NA,8.25427462335089,13.6242668771313,13.3369294470765,4.31783281678598,12.6642717180956,10.9127038049917,10.8811179446435
14,516362.5,59584,40.11,59.89,11.5391803,55306.25,68206.25,120981.25,44143.75,4768.75,181400,0,40037.5,0,1518.75,87.6256812,30965,30028,70.0681519,"MISSING",772.9725,NA,6.65024347227542,13.1545643171923,10.9951423606367,2.44574822736128,12.1084653293271,10.3406451073768,10.3099188603896
15,1068368.8,310930,71.72,28.28,29.1032474,10631.25,389887.5,443343.75,68.75,21931.25,149687.5,0,43637.5,0,9181.25,388.028675,87182,70000,78.9984207,"MISSING",1789.6675,NA,7.48978512739041,13.8816435572457,12.6473230854411,3.37084976245296,11.9163117471496,11.3757646367626,11.1562648066437
16,760450,143333,52.99,47.01,18.848445,1587.5,469756.25,122375,93.75,2112.5,58025,0,105518.75,0,981.25,477.687374,33769,27114,79,"MISSING",4153.1925,NA,8.33163259459121,13.5416656423005,11.8729258734175,2.93643041712255,10.968646464945,10.4273281133796,10.2078423592752
17,1077412.5,990629,91.03,8.97,91.9451928,4368.75,496075,295881.25,450,6125,132293.75,0,117106.25,0,25112.5,207.23119,77069,61884,78.8319812,"MISSING",1496.0075,NA,7.31055517189084,13.8900728911661,13.8060953738945,4.52119266909638,11.792787666776,11.252469378772,11.0330331029741
18,458031.3,367640,72.35,27.65,80.2652657,16256.25,27931.25,62787.5,45462.5,1137.5,283850,0,10643.75,0,9962.5,806.704166,77558,67587,57.1001365,"MISSING",5776.84,NA,8.66161209936172,13.0346928013726,12.814859477472,4.38533697071058,12.5562047315802,11.2587942160295,11.1211857314805
19,552262.5,174330,37.41,62.59,31.5665105,12856.25,122825,65043.75,47243.75,1656.25,280062.5,0,19237.5,0,3337.5,661.87627,49426,48187,64.4210711,"MISSING",6915.9425,NA,8.84158453271425,13.2217787557025,12.0687053337373,3.45209676431,12.5427716421537,10.8082521125717,10.7828653063867
20,650962.5,102438,49.41,50.59,15.7363903,40675,225675,128750,38025,2475,167481.25,0,44375,0,3506.25,632.883743,24986,25730,65.6000016,"MISSING",7123.3275,NA,8.87113024073974,13.3862073158449,11.5370130164993,2.75597588377866,12.0286326544828,10.1261109686035,10.1554517696585
21,2557943.8,2513594,63.57,36.43,98.2661953,60562.5,293281.25,286006.25,270837.5,9606.25,1537606.25,0,68443.75,0,31600,313.934137,1419003,532199,49.0575647,"MISSING",15308.785,NA,9.63618212560707,14.7547142905903,14.737224159466,4.58768007482417,14.2457380323275,14.1654657750247,13.1847746375257
22,524762.5,222175,57.45,42.55,42.3382006,23112.5,23156.25,33162.5,18068.75,1962.5,408493.75,0,15875,0,931.25,472.577436,43796,37597,13.3068301,"MISSING",4166.585,NA,8.3348520344302,13.1707010582662,12.3112206386067,3.74568976598453,12.9202343413024,10.6873206008681,10.5347061364739
23,2426725,1991429,89.69,10.31,82.0624092,93706.25,1158225,368462.5,16487.5,10837.5,671693.75,0,76575,0,30737.5,269.608532,36285,54289,14.9883579,"MISSING",9507.9175,NA,9.15988015153878,14.7020531696774,14.5043630294493,4.40748004558868,13.4175592752351,10.4991872709301,10.9020953268995
24,2661400,2120105,91.3,8.7,79.6612685,53987.5,1242931.25,445450,16618.75,11956.25,636843.75,25,168768.75,0,84818.75,192.840791,370247,292537,91.6000032,"MISSING",3009.2375,NA,8.00944200339228,14.7943628580918,14.5669761737236,4.3777835015534,13.3642811842845,12.8219283303599,12.5863498517458
25,1697175,146508,67.3,32.7,8.63246277,606.25,1169868.75,320075,500,56418.75,42475,31.25,99006.25,0,8193.75,349.996409,24710,19524,91.6000032,"MISSING",642.905,NA,6.46599696837669,14.3444756620581,11.8948353134569,2.15552983750121,10.6566944895237,10.1150037676094,9.87945097470789
26,2217706.3,371304,57.34,42.66,16.7427043,2937.5,1610175,327843.75,43.75,2418.75,108443.75,0,128943.75,0,36900,330.161995,63335,50042,91.6000032,"MISSING",1363.425,NA,7.21775519527224,14.6119840215331,12.824776413067,2.81796259920634,11.593996105678,11.0562091668513,10.8206379148222
27,289706.3,378089,89.94,10.06,130.507713,5393.75,4750,10350,2118.75,762.5,246587.5,0,5600,0,14143.75,221.760201,144378,114075,91.6000032,"MISSING",714.7525,NA,6.57193632892278,12.5766229301554,12.8428848966232,4.87143232846448,12.4154762343995,11.8801970655021,11.6446201719198
28,692943.8,849239,91.35,8.65,122.555258,35812.5,237425,155050,4412.5,462.5,191643.75,12.5,27862.5,0,40262.5,665.969824,111142,87815,91.6000032,"MISSING",4993.0325,NA,8.51579871959218,13.4487041782024,13.6520959333337,4.80856201399049,12.1633986767471,11.6185729394514,11.3829989953672
29,2887337.5,263705,69.41,30.59,9.13328307,13006.25,1885712.5,512112.5,75875,97156.25,139918.75,431.25,145906.25,0,17218.75,373.573461,82219,64962,91.5670278,"SWEDEN",1592.03,"SWEDEN",7.37276521044788,14.8758453551723,12.4825863331021,2.2119252214261,11.8488243229556,11.3171538604519,11.0815731560352
30,8585268.8,2819677,65.8,34.2,32.8432014,509743.75,1482043.75,1429718.75,510356.25,44831.25,4409293.75,0,148462.5,0,50818.75,237.191477,452039,645898,26.3896003,"LATVIA",18616.15,"LATVIA",9.83178476253454,15.9655583622487,14.8521328973471,3.49174476460756,15.2992253139994,13.0215259504741,13.3783984237921
31,197562.5,12941,42.82,57.18,6.55103505,31.25,136200,35462.5,0,43.75,3600,0,20150,0,2075,271.398939,2111,1668,91.6000032,"SWEDEN",65.1075,"SWEDEN",4.17603974995194,12.193810268958,9.46815584482167,1.87962306006362,8.18896686364888,7.65539064482615,7.41997992366183
32,455925,89618,58.46,41.54,19.6555855,4062.5,307100,85456.25,462.5,106.25,40943.75,0,14168.75,0,3625,208.321615,24014,18973,91.6000032,"SWEDEN",364.1275,"SWEDEN",5.89750408103015,13.030083601285,11.4033114716439,2.97836154728794,10.619978875934,10.0864339140989,9.85082489995282
33,134606.3,6322,16.72,83.28,4.69730984,1087.5,69437.5,25287.5,218.75,181.25,20050,0,18343.75,0,0,236.537265,11713,9405,79,"FINLAND",488.74,"FINLAND",6.1918306507322,11.8101095004466,8.75179089277556,1.54698997037913,9.9060343068027,9.36853998664973,9.14910306250499
34,41025,1482,0,100,3.61421381,0,24718.75,12656.25,0,0,2318.75,0,1331.25,0,0,198.574467,1360,1075,91.6000032,"SWEDEN",23.51,"SWEDEN",3.15742586255198,10.6219369159583,7.30114780585603,1.28487435201386,7.74921470023329,7.21597500265147,6.98100574072173
35,863187.5,156038,48.23,51.77,18.0767744,69600,166700,185212.5,110737.5,975,321187.5,0,4831.25,0,3943.75,284.712266,48882,49936,66.2062762,"LATVIA",3667.2675,"LATVIA",8.20720211332458,13.6683872118203,11.9578548463121,2.89462793196795,12.6797834571759,10.7971849667575,10.8185174899429
36,227800,118769,85.26,14.74,52.1211853,0,164156.25,28737.5,0,431.25,9631.25,0,16175,0,8668.75,254.716626,5649,4463,91.6000032,"SWEDEN",178.99,"SWEDEN",5.18732993835841,12.3362233299952,11.6849357090983,3.95357149374786,9.17287212236127,8.63941082414049,8.40380050406115
37,332150,5447,0,100,1.63953342,0,269925,48931.25,0,2750,1281.25,0,9262.5,0,0,335.928267,737,582,91.6000032,"SWEDEN",73.4175,"SWEDEN",4.29616232682156,12.7133419530934,8.60282027738367,0.494411701358305,7.15637162626938,6.60394382460047,6.36818718635049
38,4821337.5,982254,67.48,32.52,20.3727678,79425,2235650,741675,164193.75,71887.5,642406.25,7587.5,840293.75,0,38218.75,361.959714,377664,298397,91.6018308,"SWEDEN",9327.62517,"SWEDEN",9.14073572446386,15.3885619371602,13.7976052096954,3.01419909729703,13.3729777273542,12.8417628382696,12.6061834448764
39,468406.3,149305,48.99,51.01,31.8746743,34237.5,198575,71968.75,1612.5,325,137412.5,0,18706.25,0,5568.75,285.757667,80593,63677,91.6000032,"SWEDEN",1340.435,"SWEDEN",7.20074946713073,13.0570913606579,11.9137464725847,3.46181178538717,11.830749907219,11.2971794840365,11.0615944129899
40,1426256.3,26108,22.88,77.12,1.8303578,250,794018.75,523531.25,37.5,12600,23537.5,0,72281.25,0,0,389.091247,13759,11047,79,"FINLAND",384.8925,"FINLAND",5.95296407451918,14.1705635973266,10.1699970597551,0.604511466867639,10.0663926574586,9.52952111148733,9.31000469508913
41,2545687.5,109173,59.47,40.53,4.28837536,48393.75,1211337.5,532450,223593.75,192668.75,94893.75,24487.5,213575,0,4287.5,578.108532,55842,44121,91.6210652,"SWEDEN",1481.8975,"SWEDEN",7.30107864017129,14.7499113090107,11.6006890589737,1.45590795725077,11.4605236616768,10.9302994609215,10.6947138032557
42,113637.5,5499,0,100,4.83912576,1318.75,89912.5,11393.75,0,618.75,10156.25,0,237.5,0,0,412.456491,5937,4767,79,"FINLAND",258.2675,"FINLAND",5.55399586949866,11.6407688364301,8.61232153650781,1.57673407631415,9.22594301520359,8.68912765532371,8.46968220874519
43,415825,49297,35.51,64.49,11.8549535,9631.25,167606.25,155831.25,0,781.25,75718.75,0,5012.5,0,1243.75,293.073247,44261,35538,79,"FINLAND",1018.8,"FINLAND",6.9263807431053,12.9380197776587,10.8056185062522,2.47274579711406,11.2347943036802,10.6978818001124,10.4783859640027
44,1767206.3,35185,68.52,31.48,1.99078105,52600,759787.5,337406.25,125031.25,357943.75,21906.25,62487.5,44687.5,3256.25,2100,592.286359,12848,10151,91.6000032,"SWEDEN",900.94,"SWEDEN",6.80343866271614,14.3849104960432,10.4683751344006,0.688527049170541,9.99457291124787,9.46102126628348,9.22542600939422
45,293231.3,24480,43.73,56.27,8.34870149,393.75,216200,49087.5,875,3318.75,14343.75,0,9012.5,0,0,208.257131,8370,6720,79,"FINLAND",348.8675,"FINLAND",5.85469219395432,12.5887169963665,10.1056117366263,2.12210601659016,9.57113930058845,9.03252863066006,8.81299223196997
46,294987.5,34672,27.15,72.85,11.7526185,12487.5,39268.75,75943.75,15856.25,1206.25,149925,0,300,0,0,276.341781,26018,25209,70.2,"ESTONIA",1341.165,"ESTONIA",7.20129391821816,12.5946882615428,10.4536877237761,2.46407606682639,11.9178971180161,10.1665823193526,10.134996020182
47,56506.3,16684,66.3,33.7,29.5454649,1212.5,3256.25,14387.5,5968.75,0,31081.25,0,150,0,450,366.174988,5394,5226,70.2,"ESTONIA",569.03,"ESTONIA",6.34393315681379,10.9421074153432,9.72220545531684,3.38593025999284,10.3443921956837,8.59322787769223,8.56159277871292
48,5091937.5,114318,96.51,3.49,2.24515007,136893.75,2108043.75,1856612.5,156706.25,467075,165993.75,1287.5,197106.25,0,2218.75,365.936208,93488,75313,76.8420435,"FINLAND",1336.5275,"FINLAND",7.19783011149898,15.4431689644286,11.6467393176991,0.808772365285269,12.0197114403325,11.445599061297,11.2294213194812
49,375612.5,13556,82.78,17.22,3.60984886,118.75,183106.25,172725,0,2881.25,5487.5,0,11293.75,0,0,356.830738,3208,2576,79,"FINLAND",140.2575,"FINLAND",4.94348001890885,12.8363133058477,9.51458453272694,1.28366590443233,8.61041027312737,8.07371464110986,7.85438121065236
50,110125,5226,33.6,66.4,4.74468432,100,59706.25,27831.25,0,287.5,18806.25,0,3393.75,0,0,304.464196,10957,8797,79,"FINLAND",236.87,"FINLAND",5.46751146743449,11.6093713632385,8.56140144608056,1.55702490087087,9.84199771277658,9.30182506209836,9.08227970190866
51,2666706.3,791190,66.77,33.23,29.6691536,2168.75,1481550,613943.75,81.25,7006.25,270662.5,0,272587.5,0,18706.25,285.43609,158183,127009,79,"FINLAND",6114.3625,"FINLAND",8.71839579084693,14.7963546733656,13.5812934201814,3.39010790676404,12.5086316308999,11.9715141914007,11.7520211024984
52,83012.5,3122,30.22,69.78,3.76111326,50,10131.25,43625,0,400,24650,0,4156.25,0,0,310.635187,14409,11569,79,"FINLAND",335.1775,"FINLAND",5.81466024224999,11.326746477849,8.04622910107538,1.32471499336607,10.1125727465993,9.57567768899357,9.35617082018772
53,131606.3,1561,100,0,1.18622019,87.5,85462.5,35981.25,0,2237.5,4881.25,0,2956.25,0,0,428.380509,2853,2291,79,"FINLAND",99.965,"FINLAND",4.6048201247238,11.7875701690679,7.35308192051543,0.170771941016131,8.49336145816289,7.95647679803678,7.73718007783463
54,3652306.3,539365,71.37,28.63,14.7681363,2662.5,1883025,956793.75,43.75,6837.5,96143.75,0,693325,0,13475,223.420889,56201,45125,79,"FINLAND",1910.2825,"FINLAND",7.55500641586286,15.110869389031,13.1981478006711,2.69247190713286,11.4736101473421,10.9367076224372,10.7172138560545
55,484393.8,118486,74.84,25.16,24.4616035,6406.25,215087.5,123200,768.75,4568.75,130475,0,3887.5,0,0,268.118465,76269,61238,79,"FINLAND",2012.675,"FINLAND",7.60721996203396,13.0906534912398,11.6825500891179,3.19710468412014,11.7789445807857,11.2420349551583,11.0225395204417
56,635312.5,118592,38.48,61.52,18.6663496,13043.75,388818.75,120062.5,1256.25,3643.75,52081.25,0,51318.75,0,5087.5,389.147239,30546,24135,91.6000032,"SWEDEN",990.050295,"SWEDEN",6.89775574486851,13.3618722828048,11.683444309645,2.9267224162085,10.8605794787142,10.3270217601052,10.0914597808389
57,47093.8,14770,96.58,3.42,31.3649899,968.75,22693.75,11093.75,0,0,12237.5,0,100,0,0,204.711241,7142,5735,79,"FINLAND",198.0375,"FINLAND",5.28845640670116,10.7598966365204,9.60035337552543,3.44569229953367,9.41234199953696,8.87388813515497,8.65451738227946
58,413287.5,55751,39.2,60.8,13.4879174,5618.75,162481.25,134643.75,100,1981.25,99687.5,0,8775,0,0,238.822579,58272,46788,79,"FINLAND",1137.195,"FINLAND",7.0363199830032,12.9318987556679,10.9286506263812,2.60179427727871,11.5098056032589,10.9728941432807,10.7534034115438
59,139781.3,12519,0,100,8.95650067,4925,43468.75,62250,100,0,21362.5,0,7675,0,0,262.724735,12487,10026,79,"FINLAND",170.825,"FINLAND",5.14063964066684,11.847834337317,9.43500276925966,2.19237960047902,9.96943913732883,9.43252346219527,9.21303673352392
60,1783431.3,662039,48.46,51.54,37.1210518,48106.25,138518.75,178043.75,141418.75,2706.25,1248312.5,0,9800,0,16525,152.00792,277776,254322,61.2281365,"LATVIA",9794.7675,"LATVIA",9.18960359349662,14.3940497632747,13.4030797455706,3.61418424264588,14.0373039982887,12.5345739124983,12.4463603916774
61,1304243.8,26531,48.64,51.36,2.03431714,1337.5,863275,268487.5,32750,26400,30943.75,3050,75537.5,0,2462.5,313.373094,18149,14339,91.6000032,"SWEDEN",336.88,"SWEDEN",5.81972678385367,14.0811339671835,10.186069139599,0.710160204842905,10.3399586352913,9.806425839693,9.57080811415361
62,68987.5,34034,81.88,18.12,49.3675834,468.75,44887.5,13968.75,56.25,12.5,8068.75,0,100,0,1425,200.681823,4732,3739,91.6000032,"SWEDEN",122.945,"SWEDEN",4.8117371008975,11.1416806077478,10.4351153039314,3.89929400231844,8.99587778184981,8.46231452990625,8.22684089040858
63,1975100,60495,63.52,36.48,3.06285992,4650,1295481.25,415493.75,46931.25,84518.75,48575,175,73431.25,0,5843.75,345.926726,28489,22510,91.6009192,"SWEDEN",636.7975,"SWEDEN",6.45645170864307,14.4961295879469,11.0103159959756,1.11934909386329,10.7908848607553,10.257308427492,10.0217593576142
64,177756.3,2621,0,100,1.4750618,0,138031.25,32831.25,0,1631.25,2031.25,0,3231.25,0,0,316.764034,1191,941,91.6000032,"SWEDEN",35.77,"SWEDEN",3.57710955327093,12.0881687900754,7.87131120332341,0.388699887219158,7.61689883262668,7.0833878476253,6.84800527457636
65,2493300,28910,20.98,79.02,1.15945606,93556.25,874862.5,226118.75,362118.75,363593.75,23512.5,332112.5,185237.5,30287.5,1900,663.258194,13790,10896,91.6256467,"SWEDEN",647.37,"SWEDEN",6.47291800121548,14.7291176922092,10.2719428350104,0.147950981350717,10.0653300032737,9.53177148447434,9.29624280097689
66,83025,18191,36.25,63.75,21.9149415,187.5,71037.5,6112.5,50,0,3137.5,0,1250,0,1250,255.218535,1840,1454,91.6000032,"SWEDEN",65.2075,"SWEDEN",4.17757449299193,11.3268970462449,9.80868224526222,3.08716866446269,8.05150025775759,7.51806418123308,7.28276117960559
67,26525,2117,67.87,32.13,7.9771204,0,6875,14781.25,0,43.75,4243.75,0,581.25,0,0,907.176068,2481,1992,79,"FINLAND",526.1175,"FINLAND",6.26552457182163,10.1858429634822,7.65775527113487,2.07657749420859,8.35343820419612,7.81681996576455,7.59739632021279
68,110500,4666,1,99,4.22096698,62.5,95706.25,6437.5,0,100,1337.5,0,6856.25,0,0,451.723074,782,628,79,"FINLAND",179.66,"FINLAND",5.19106617580106,11.6127707999399,8.44805745258138,1.44006424397896,7.19930486296041,6.6631326959908,6.44413125670044
69,336781.3,101636,59.31,40.69,30.1842805,7625,226806.25,38543.75,50,393.75,19831.25,0,40137.5,0,3393.75,259.326555,11631,9190,91.6000032,"SWEDEN",196.6425,"SWEDEN",5.28138735932519,12.7271890372436,11.5291530820749,3.40732127562175,9.89506467952504,9.3615151997733,9.12598002335811
70,1554406.3,525749,73.59,26.41,33.8234625,26025,610387.5,289318.75,318.75,3156.25,315850,0,289231.25,0,20118.75,208.917776,185246,146366,91.6000032,"SWEDEN",1407.0825,"SWEDEN",7.24927369078986,14.256604230048,13.1725791915184,3.52115471847831,12.6630258623817,12.1294453486952,11.8938724452647
71,81437.5,25733,83.41,16.59,31.608742,50,19793.75,43712.5,0,50,16381.25,0,1006.25,0,443.75,749.959875,9576,7689,79,"FINLAND",316.4975,"FINLAND",5.75731534265888,11.3075911338672,10.155529493893,3.45343372790316,9.70395371061104,9.16711966952162,8.94767606249969
72,97025,8138,0,100,8.39186699,812.5,62212.5,14900,0,243.75,18187.5,0,668.75,0,0,304.537739,10631,8536,79,"FINLAND",448.4025,"FINLAND",6.10569126656159,11.4827239562371,9.00429972856164,2.12726302134971,9.80854480522022,9.27162360039308,9.05216493701031
73,5666625,961645,59.9,40.1,16.9705704,291512.5,861375,880706.25,204506.25,21712.5,2936531.25,0,447500,0,22781.25,231.563945,249232,304776,31.8633997,"ESTONIA",5150.745,"ESTONIA",8.54689664338968,15.5501042603842,13.7764006386731,2.83148069093818,14.8927399363465,12.4261434808842,12.6273356406298
74,9210543.8,4873685,61.76,38.24,52.9149205,276662.5,1368362.5,1040075,706806.25,32700,5617287.5,0,92806.25,0,75843.75,168.008674,1123091,1174665,33.2205007,"LITHUANIA",13857.18,"LITHUANIA",9.53655878883898,16.0358594510053,15.399360882437,3.96868535013503,15.5413596321326,13.9315961537845,13.976494409833
75,28583425,6647906,74.37,25.63,23.2578117,820975,13861162.5,4609150,60625,132518.75,4231818.75,0,4777675,0,89500,254.21571,332348,419807,23.5200007,"RUSSIA",24018.65,"RUSSIA",10.0865858908905,17.1683375623342,15.7098124758266,3.14664106269911,15.2581426594582,12.713940900589,12.9475527428808
76,273706.3,58884,37.98,62.02,21.509005,1081.25,214437.5,32781.25,106.25,756.25,13562.5,0,6868.75,0,4112.5,538.017348,7954,6285,91.6000032,"SWEDEN",658.22806,"SWEDEN",6.48955146701957,12.5198109126667,10.9833246858779,3.0684716846551,9.51513764028359,8.98155594077189,8.74608021735751
77,2253443.8,1367097,84.92,15.08,60.669027,9893.75,967737.5,468437.5,606.25,6918.75,494206.25,0,231331.25,0,74312.5,220.091568,289852,229017,91.6000032,"SWEDEN",1268.855,"SWEDEN",7.14587019798648,14.6279701818181,14.1282000714915,4.10543330424525,13.1107102426031,12.5771291768954,12.3415558820674
78,325781.3,96870,53.28,46.72,29.728986,3143.75,137237.5,78106.25,0,806.25,67750,0,33312.5,0,5425,221.325503,39735,31396,91.6000032,"SWEDEN",163.305,"SWEDEN",5.09561961800125,12.6939815763266,11.4811251524204,3.39212252946569,11.1235944987806,10.5900128567872,10.3544676259307
79,11758868.8,16191618,61.6,38.4,137.696696,92700,1828868.75,870168.75,1042506.25,67668.75,7551162.5,131.25,88450,0,217212.5,169.820506,6841272,2633090,51.1098997,"POLAND",57681.0625,"POLAND",10.9626841923856,16.280118305332,16.6000042588938,4.92505341125648,15.8372122153124,15.7384843833933,14.7836689992181
80,296231.3,4127,0,100,1.39325642,50,221931.25,60693.75,0,3937.5,5781.25,0,3837.5,0,0,348.162186,3391,2679,91.6000032,"SWEDEN",62.075,"SWEDEN",4.12834333139423,12.5988958470763,8.32530602975258,0.331643755387989,8.66254815927561,8.12917499691179,7.8935720735049
81,2282487.5,169875,79.41,20.59,7.44249869,1306.25,1280918.75,687468.75,375,17025,40650,0,252650,0,2093.75,376.852208,23579,18945,77.6168396,"FINLAND",551.5425,"FINLAND",6.31271889828105,14.640776414985,12.0428181514534,2.00720663789166,10.6127787149194,10.0681541740914,9.84934810643548
82,114556.3,22308,7.26,92.74,19.4771531,100,29462.5,35150,0,218.75,47731.25,0,1350,0,543.75,283.998161,27898,22400,79,"FINLAND",763.7125,"FINLAND",6.63819140944404,11.6488216841869,10.0127006375094,2.96924214277034,10.7733625490523,10.2363461248732,10.0168608797038
83,617200,128222,58.1,41.9,20.7725344,31281.25,113468.75,136125,40793.75,2381.25,287818.75,0,1668.75,0,3662.5,257.712627,49927,48382,70.2054695,"ESTONIA",2106.7075,"ESTONIA",7.65288158119634,13.3329483994711,11.7615184156102,3.03363165259125,12.5700896951254,10.8183372466139,10.7869037913362
84,265475,20108,51.45,48.55,7.57410113,3568.75,85812.5,130543.75,200,325,39943.75,0,4887.5,0,193.75,260.741106,23349,18748,79,"FINLAND",328.2325,"FINLAND",5.79372219873811,12.489275953272,9.90887302481247,2.02473468164819,10.595252528291,10.058352263097,9.83889569664295
85,1121000,12571,67.06,32.94,1.12151188,28556.25,591700,131318.75,81256.25,170300,3450,56343.75,54831.25,2593.75,650,533.605826,2025,1600,91.6311462,"SWEDEN",269.3725,"SWEDEN",5.59609518007249,13.9297317020543,9.43914785291483,0.114677667877884,8.146419323098,7.61381868480863,7.37838371299671
86,130575,75805,91.6,8.4,58.0450291,150,19068.75,66925,0,50,40218.75,0,1243.75,0,2918.75,290.703717,23506,18874,79,"FINLAND",1147.5775,"FINLAND",7.04540847778047,11.7797030533045,11.2359195325157,4.06121907312504,10.6021134474943,10.0650535281175,9.84559357411723
87,1474931.3,1223131,71.11,28.89,82.931117,29568.75,103637.5,106656.25,87781.25,4731.25,1099106.25,0,29187.5,0,14262.5,204.790121,493414,218431,30.3579506,"RUSSIA",3533.7475,"RUSSIA",8.17011420154381,14.2041219704002,14.016924522588,4.41801034756329,13.9100088173413,13.1091058839124,12.2942300322664
88,374325,16029,2.08,97.92,4.28204035,1575,128406.25,180350,400,3856.25,40893.75,0,18843.75,0,0,258.093845,23904,19193,79,"FINLAND",416.7975,"FINLAND",6.03260049234055,12.8328796830059,9.68215486062588,1.45442961328984,10.6187569719336,10.0818429210602,9.86235300917757
89,413768.8,4693,0,100,1.13428861,312.5,252243.75,70250,175,76531.25,3525,0,10731.25,0,0,314.678682,2067,1633,91.6000032,"SWEDEN",57.9425,"SWEDEN",4.05945113949458,12.9330626427076,8.45382731579442,0.126005679097198,8.16791936295782,7.63433723562832,7.39878627541995
90,186031.3,5090,0,100,2.73702533,0,137700,33581.25,0,350,1650,0,12750,0,0,287.401103,968,765,91.6000032,"SWEDEN",70.04,"SWEDEN",4.24906650741765,12.1336702181078,8.53503310954457,1.0068716846741,7.40913644392013,6.87626461189077,6.64118216974059
91,189575,82627,60.51,39.49,43.5888426,23131.25,18412.5,41093.75,1662.5,675,96068.75,0,5800,0,2731.25,208.588335,56344,44519,91.6000032,"SWEDEN",665.005924,"SWEDEN",6.49979594888685,12.1525400035691,11.3220917826099,3.77480121393633,11.4728297691312,10.9392487843865,10.7036938053895
92,362381.3,42126,9.97,90.03,11.6247736,41631.25,39793.75,74293.75,20362.5,850,178737.5,0,6106.25,0,606.25,288.802168,26912,27611,65.8922202,"LATVIA",1576.4175,"LATVIA",7.36291014650257,12.8004522513781,10.6484204062453,2.45313847601496,12.0936791228223,10.2003647202274,10.2260057398234
93,437143.8,17159,0,100,3.92488247,2393.75,98081.25,254043.75,337.5,7100,66262.5,0,8925,0,0,276.284598,38734,31100,79,"FINLAND",478.2625,"FINLAND",6.17015974493646,12.9880174817337,9.75027809628562,1.367336406837,11.1013944966744,10.564498863066,10.3449952519912
94,321800,2822,74.83,25.17,0.87706986,0,176056.25,106643.75,143.75,9768.75,9831.25,0,19356.25,0,0,444.867426,5747,4614,79,"FINLAND",128.3925,"FINLAND",4.85509197833491,12.6816855135404,7.94520113241276,-0.131168631857735,9.19342307809917,8.65660724719891,8.43706714693695
95,46793.8,5418,49.21,50.79,11.579057,0,31481.25,7587.5,0,0,7437.5,0,281.25,0,6.25,221.515183,4348,3491,79,"FINLAND",154.01,"FINLAND",5.03701753537037,10.7535059944972,8.59748202264504,2.44919803532292,8.9144244945973,8.37770121259764,8.15822991695949
96,1157712.5,51356,55.15,44.85,4.43599094,48400,586687.5,167731.25,72375,81356.25,7331.25,53175,138443.75,0,2212.5,468.302993,4300,3398,91.6009189,"SWEDEN",288.675,"SWEDEN",5.66530148783792,13.961956633406,10.846537053711,1.48975102710551,8.90003770548687,8.36660283278374,8.13123654969612
97,40656.3,850,0,100,2.09329715,0,23831.25,15531.25,0,431.25,287.5,0,575,0,0,387.629378,169,133,91.6000032,"SWEDEN",6.6025,"SWEDEN",1.88744836518915,10.6129090845174,6.74523634948436,0.738740406630763,5.66469508594815,5.13579843705026,4.89783979995091
98,3961218.8,77809,53.9,46.1,1.96422844,378256.25,974393.75,948162.5,599312.5,712468.75,49300,103725,188393.75,4168.75,3037.5,349.561928,28878,22966,87.3318393,"SWEDEN",681.495,"SWEDEN",6.52428891435252,15.1920623136546,11.2620123847099,0.675099516813988,10.8056996438007,10.2708699663685,10.0418136820164
99,2673562.5,110515,65.44,34.56,4.13342335,199925,1360168.75,467493.75,178868.75,178337.5,34962.5,99318.75,150493.75,275,3718.75,542.334391,20515,16209,91.6274817,"SWEDEN",669.8175,"SWEDEN",6.50700528722094,14.7989224106926,11.6129065373335,1.41910596193155,10.4620599391748,9.92896034850916,9.69338361472972
100,81931.3,31617,72.03,27.97,38.599758,50,19543.75,27987.5,137.5,75,32681.25,0,325,0,1131.25,257.142487,19104,15339,79,"FINLAND",466.6025,"FINLAND",6.14547771748125,11.3136363702137,10.361450229602,3.65324600702108,10.3945873960531,9.857705359881,9.63821907492125
101,172581.3,454560,98.8,1.2,263.361327,93.75,39493.75,73650,493.75,193.75,39487.5,0,3412.5,0,15756.25,308.141328,23082,18533,79,"FINLAND",1096.005,"FINLAND",6.99942702954135,12.0586237087724,13.027085197088,5.57352695620627,10.5837647692595,10.046851694844,9.82736216214664
102,1159675,349567,46.77,53.23,30.1426835,26350,124331.25,171050,101225,1000,720037.5,0,7156.25,0,8525,200.397492,154375,142703,61.7229284,"LATVIA",5082.7225,"LATVIA",8.53360232221276,13.9636503514131,12.7644505247155,3.40594222374065,13.4870599617849,11.9471464640762,11.868527833906
103,32412.5,869,0,100,2.68005265,475,21743.75,6131.25,0,50,3631.25,0,381.25,0,0,444.645099,2123,1704,79,"FINLAND",124.5875,"FINLAND",4.82500828029357,10.3862994298469,6.76734312526539,0.985836439852183,8.19760756995145,7.66105638236183,7.44132038971762
104,215275,96932,79.08,20.92,45.0217917,9168.75,113887.5,58456.25,206.25,0,22056.25,0,6600,0,4900,668.671052,12936,10221,91.6000032,"SWEDEN",1019.4025,"SWEDEN",6.92697195032593,12.2796715595644,11.4817649807206,3.80714663255429,10.0013966250187,9.4678467019179,9.23229753932823
105,19289931.3,23390678,57.47,42.53,121.258568,559281.25,2206700,1386943.75,2242831.25,96237.5,12410143.8,2706.25,152218.75,0,232868.75,209.192573,9961416,3809067,46.7205994,"POLAND",77492.0575,"POLAND",11.2579307262186,16.7750938234448,16.9678481248867,4.79792519123854,16.3340248251224,16.1142298885178,15.1528950977561
